{
	"com.badlogic.gdx.graphics.Color": {
		"white": { "r": 1, "g": 1, "b": 1, "a": 1},
		"black": { "r": 0, "g": 0, "b": 0, "a": 1},
		"red":   { "r": 1, "g": 0, "b": 0, "a": 1},
		"green": { "r": 0, "g": 1, "b": 0, "a": 1},
		"blue":  { "r": 0, "g": 0, "b": 1, "a": 1},
	},
	"com.badlogic.gdx.graphics.g2d.BitmapFont": {
		"test":{}
	},
	"com.badlogic.gdx.scenes.scene2d.ui.Label$LabelStyle": {
		"default": { "font" = "test", "fontColor" = white }
	},
	"com.badlogic.gdx.scenes.scene2d.ui.TextButton$TextButtonStyle": {
		"default": {"up" : "button1", "down" : "button2", "font" : "test", "pressedOffsetX" : 1, "pressedOffsetY" : -1  }
	}
}